{"val_loss": [4.98918106005742, 4.902225184939717, 4.470059725781378, 4.637268984759295, 4.325240709547451, 4.337043883527919, 4.119797470872912, 4.151809093456913, 4.2073648640115096, 4.676102555316428], "val_acc": [0.08173076923076923, 0.10205314009661835, 0.13959339774557167, 0.12449677938808373, 0.16525764895330114, 0.18226650563607086, 0.20923913043478262, 0.21256038647342995, 0.20591787439613526, 0.18689613526570048], "loss": [5.538776224741387, 4.505633428159971, 4.126010538653279, 3.914443726218101, 3.7700438711953277, 3.64760641927843, 3.5468444769078356, 3.4735768762183685, 3.410405267835236, 3.3505125027961777], "acc": [0.05430965504978663, 0.12168653264543676, 0.1711439245685821, 0.20700275751645614, 0.23582325209037538, 0.2617083259206547, 0.2837239814979541, 0.2992350115637787, 0.31446806618039497, 0.326487724604163]}