{"val_loss": [1.8582956464767455, 1.7072890625, 1.472161714363098, 1.2450645542144776, 1.1881989225387573, 1.237840149116516, 1.0799995550155639, 1.0201860359191894, 1.0949600304603577, 1.0265710266113282], "val_acc": [0.4774, 0.5612, 0.6449, 0.7222, 0.7426, 0.7233, 0.7826, 0.798, 0.7731, 0.7895], "loss": [2.111655112681806, 1.7104381188793238, 1.4880245299493606, 1.3303493022231176, 1.2091539489730205, 1.120842671764848, 1.0546623781605127, 1.0062546595974025, 0.9616816756970529, 0.9195976230969073], "acc": [0.3896988144825376, 0.5456183915411728, 0.6326297661006087, 0.6919056392181993, 0.7322973405959629, 0.7620554309516181, 0.7836030118551747, 0.7971203140019225, 0.81219961550785, 0.8244352771547581]}