{"val_loss": [1.8582956464767455, 1.7072890625, 1.472161714363098, 1.2450645542144776, 1.1881989225387573], "val_acc": [0.4774, 0.5612, 0.6449, 0.7222, 0.7426], "loss": [2.111655112681806, 1.7104381188793238, 1.4880245299493606, 1.3303493022231176, 1.2091539489730205], "acc": [0.3896988144825376, 0.5456183915411728, 0.6326297661006087, 0.6919056392181993, 0.7322973405959629]}